HospitalID,UserID,ApptDate,ApptTime,DoctorID,DiabetesStatus
H2,USR10866,2026-10-03,15:00,DOC509,Low
H8,USR07989,2026-02-24,17:00,DOC501,High
H3,USR12670,2026-07-03,14:15,DOC509,High
H7,USR04917,2026-03-21,16:15,DOC512,High
H2,USR14388,2026-12-02,09:00,DOC509,High
H1,USR08374,2026-01-14,17:30,DOC514,Moderate
H9,USR10400,2026-02-06,13:45,DOC507,High
H5,USR06655,2026-04-01,12:00,DOC513,Low
H6,USR03103,2026-01-25,15:30,DOC505,High
H7,USR06808,2026-01-11,15:00,DOC505,Low
H4,USR10186,2026-03-23,15:45,DOC512,High
H2,USR03976,2026-03-07,13:15,DOC510,Low
H5,USR08853,2026-02-07,11:15,DOC515,Low
H8,USR12047,2026-03-01,16:30,DOC512,Moderate
H10,USR00757,2026-04-25,14:15,DOC510,High
H7,USR05737,2026-04-29,17:15,DOC515,Low
H2,USR08830,2026-01-03,12:15,DOC502,High
H3,USR04149,2026-01-06,10:30,DOC507,Moderate
H7,USR06418,2026-04-05,12:15,DOC503,Low
H6,USR00546,2026-12-03,14:30,DOC508,Low
H1,USR07776,2026-02-09,17:30,DOC512,Moderate
H9,USR00098,2026-04-21,11:15,DOC508,Low
H9,USR10832,2026-06-02,09:45,DOC513,High
H10,USR13009,2026-04-29,15:45,DOC507,Low
H10,USR13871,2026-04-20,14:15,DOC506,High
H8,USR04307,2026-04-01,13:45,DOC501,Low
H6,USR03750,2026-09-02,16:00,DOC503,High
H6,USR05527,2026-01-10,09:00,DOC514,Moderate
H9,USR10987,2026-02-24,09:15,DOC512,High
H6,USR11437,2026-01-20,17:00,DOC510,High
H4,USR01719,2026-02-28,09:00,DOC513,Moderate
H8,USR07978,2026-04-27,09:15,DOC505,High
H10,USR06138,2026-04-30,11:45,DOC515,High
H10,USR09933,2026-04-15,15:45,DOC513,Moderate
H8,USR03137,2026-01-21,10:45,DOC503,High
